"ID","Yield"
"Line_1",-0.0135518317777139
"Line_2",0.152864312216366
"Line_3",-0.76760411504423
"Line_4",-2.06419061894565
"Line_5",0.50474560484396
"Line_6",-0.470361459494854
"Line_7",-0.278486919390099
"Line_8",0.475402482263425
"Line_9",1.21913621534689
"Line_10",0.316022823950605
"Line_11",-0.85955892965895
"Line_12",0.145094859276641
"Line_13",0.966873317225293
"Line_14",0.360823411604095
"Line_15",-0.485240694841686
"Line_16",-2.02592158397315
"Line_17",-0.969707620444892
"Line_18",-0.152489847660019
"Line_19",-2.31129831401605
"Line_20",-0.987640886035329
"Line_21",-0.72547478584381
"Line_22",-0.562658325496856
"Line_23",-0.0502409151041959
"Line_24",1.65097609179233
"Line_25",1.15622319232867
"Line_26",1.73852495877561
"Line_27",0.958330176623854
"Line_28",-2.22424623595239
"Line_29",-0.539431407484175
"Line_30",0.142985542388393
"Line_31",0.160755926365836
"Line_32",0.988813470495336
"Line_33",1.72531525996195
"Line_34",0.0844621788403119
"Line_35",-0.58579565862239
"Line_36",-0.902396793875885
"Line_37",0.748286192589826
"Line_38",-1.04376988987242
"Line_39",-0.60552876603639
"Line_40",-0.258297743459721
"Line_41",0.0796897475796432
"Line_42",-1.84783497240818
"Line_43",-0.0755690059244772
"Line_44",0.354414020132854
"Line_45",0.565606319538478
"Line_46",-0.450848242258393
"Line_47",0.364545256460967
"Line_48",-0.841470926536171
"Line_49",0.434111993369914
"Line_50",0.0910588841664946
"Line_51",1.17418089016105
"Line_52",0.560687294826115
"Line_53",-1.27799364935514
"Line_54",0.256986383321601
"Line_55",2.27981313507113
"Line_56",-0.722958264923082
"Line_57",-0.706295475913985
"Line_58",0.918302020231034
"Line_59",-0.951635905483413
"Line_60",0.301453063668456
"Line_61",1.8092807314594
"Line_62",0.268111197488963
"Line_63",-0.438778714735675
"Line_64",0.502253516165182
"Line_65",0.0698516981549165
"Line_66",-0.491755959361372
"Line_67",-0.555393805557406
"Line_68",-0.879796970073224
"Line_69",-0.0753409716662881
"Line_70",-0.143881554413385
"Line_71",0.5807135891435
"Line_72",0.873330406883901
"Line_73",0.156537292589339
"Line_74",1.15351121347235
"Line_75",1.40401499017363
"Line_76",-0.726167032699027
"Line_77",2.39853754278111
"Line_78",0.861635507071064
"Line_79",1.4606977914949
"Line_80",0.105807814222934
"Line_81",-1.08113493189282
"Line_82",0.0402805413161911
"Line_83",-0.075365403908236
"Line_84",0.175985357180603
"Line_85",0.578807874271491
"Line_86",-0.434926564588412
"Line_87",-2.14879132873378
"Line_88",0.998317612613427
"Line_89",-0.390231849983365
"Line_90",-0.454749256889555
"Line_91",-0.1259401447423
"Line_92",-0.75600694419919
"Line_93",-2.00145676570173
"Line_94",-0.365522709292455
"Line_95",-0.395224171421573
"Line_96",-1.01605558342181
"Line_97",0.462616275643541
"Line_98",0.595723129780728
"Line_99",-0.154615452709568
"Line_100",0.658522135669852
"Line_101",-1.20229441971703
"Line_102",-1.60297504359708
"Line_103",-1.39759761777528
"Line_104",-0.265073618560194
"Line_105",1.25938426191725
"Line_106",-0.200816822234791
"Line_107",0.252409409996521
"Line_108",0.535644246828573
"Line_109",-0.150641141352559
"Line_110",-0.321023452622998
"Line_111",0.642038516435046
"Line_112",2.23440988544957
"Line_113",0.728031864014252
"Line_114",-0.347442850250326
"Line_115",0.852253526162716
"Line_116",0.623722479054078
"Line_117",-0.291427863542325
"Line_118",1.29932283342292
"Line_119",1.6878769212157
"Line_120",0.559522691293221
"Line_121",0.893796481556365
"Line_122",0.0766927259005868
"Line_123",1.47973050797303
"Line_124",-0.380581114413579
"Line_125",1.84236198705811
"Line_126",1.1992076499973
"Line_127",-1.24850393332291
"Line_128",-0.0645744970475065
"Line_129",0.200645633387613
"Line_130",0.139231121208924
"Line_131",0.195669600110703
"Line_132",-0.437956162590065
"Line_133",1.05305397865944
"Line_134",0.282216745174085
"Line_135",-0.151585854707912
"Line_136",0.938141000693478
"Line_137",1.68576760432745
"Line_138",-0.628633522839326
"Line_139",0.0430088083338105
"Line_140",0.615659839210966
"Line_141",-0.80039218373955
"Line_142",-0.103641651923674
"Line_143",0.42732797418879
"Line_144",0.732445955726339
"Line_145",0.103739217737934
"Line_146",0.0796490271763938
"Line_147",-0.857237866673811
"Line_148",1.44896217127881
"Line_149",-0.44842130622481
"Line_150",1.00396960458425
"Line_151",-0.843441794053377
"Line_152",-1.44840039286753
"Line_153",0.552209306869873
"Line_154",1.00852214566739
"Line_155",-1.04135924200014
"Line_156",-1.22708500121444
"Line_157",1.00136349877638
"Line_158",-0.471574927511644
"Line_159",-1.30511343791833
"Line_160",0.12124899113459
"Line_161",-0.593304500981329
"Line_162",-1.05082266371498
"Line_163",-0.880179741863756
"Line_164",1.01414970539627
"Line_165",0.26048019392028
"Line_166",0.568171704943104
"Line_167",-0.086099302204419
"Line_168",-0.32430551712479
"Line_169",0.142285151452527
"Line_170",0.0567723046316471
"Line_171",1.07711159289838
"Line_172",-1.68124780272046
"Line_173",0.309238804769481
"Line_174",0.849134343273915
"Line_175",-2.26872920446055
"Line_176",-0.459033043311249
"Line_177",0.561705304907316
"Line_178",0.615765712259412
"Line_179",1.43900196064434
"Line_180",-0.332376301048552
"Line_181",0.0043977219740216
"Line_182",0.567332864636195
"Line_183",-1.64571517884622
"Line_184",-0.598541144839027
"Line_185",-1.68811326270808
"Line_186",0.796075657841723
"Line_187",0.523151227112074
"Line_188",-1.12723857245025
"Line_189",-0.334257583678611
"Line_190",0.939240451581174
"Line_191",-0.892656473418955
"Line_192",1.15157292227774
"Line_193",0.881148724307524
"Line_194",1.17454737379029
"Line_195",0.449406576829877
"Line_196",0.620521855358782
"Line_197",-0.151577710627263
"Line_198",-0.9041722034575
"Line_199",-0.371948388924996
"Line_200",1.16681049717316
"Line_201",1.61799256516142
"Line_202",1.63380836978296
"Line_203",0.36759928670457
"Line_204",0.610089288046636
"Line_205",1.44805003424606
"Line_206",1.50597887990672
"Line_207",-0.148678417916003
"Line_208",-0.670640690830003
"Line_209",1.23562797866234
"Line_210",-0.0176238721025183
"Line_211",0.858573332746812
"Line_212",0.617410816550632
"Line_213",0.824579940115349
"Line_214",0.0653317333943847
"Line_215",-2.41866172921982
"Line_216",-1.35715411326932
"Line_217",1.07641120196251
"Line_218",-2.28909755016522
"Line_219",-0.246480682437141
"Line_220",-0.781090712599981
"Line_221",1.48183982486128
"Line_222",0.638056060997389
"Line_223",0.926380948235444
"Line_224",0.577415236480409
"Line_225",0.952971371556413
"Line_226",1.23914622150297
"Line_227",0.785439488513336
"Line_228",-1.82192050778113
"Line_229",0.689583659267455
"Line_230",-0.115605306397947
"Line_231",-0.336269171599065
"Line_232",1.20011164294941
"Line_233",0.440545817083104
"Line_234",-2.0155215929836
"Line_235",-0.319158458154239
"Line_236",-0.280189032245867
"Line_237",0.32484286329413
"Line_238",-0.997039155104975
"Line_239",1.13284153678365
"Line_240",0.609291168142973
"Line_241",0.0452402864318024
"Line_242",1.26586695011434
"Line_243",-0.0380492263717348
"Line_244",0.512392896573941
"Line_245",0.712370796925057
"Line_246",0.125092997201205
"Line_247",0.0771325062556649
"Line_248",0.590209587180944
"Line_249",-1.50500989746295
"Line_250",0.29330898301885
"Line_251",0.463976337112026
"Line_252",-0.384001628286413
"Line_253",-1.84079848672692
"Line_254",-0.401527689844371
"Line_255",-0.677009361897995
"Line_256",-2.07697682556554
"Line_257",0.374236712434001
"Line_258",1.70620110267732
"Line_259",-0.151805744885452
"Line_260",-1.05212571661892
"Line_261",-0.189520982373785
"Line_262",0.893902354604809
"Line_263",0.294286272696802
"Line_264",-0.40858860776758
"Line_265",0.345105335950353
"Line_266",-1.48235306509574
"Line_267",-0.732226228702336
"Line_268",-0.567732087741562
"Line_269",-1.00835942720793
"Line_270",0.108348767385612
"Line_271",0.0567723046316471
"Line_272",-0.293797791011361
"Line_273",0.130883438543077
"Line_274",0.0390507851381006
"Line_275",1.51528756408922
"Line_276",0.167621386353455
"Line_277",0.334575039670411
"Line_278",-0.00867352746859992
"Line_279",0.414558055730206
"Line_280",-1.51471764159728
"Line_281",-0.630873145017969
"Line_282",0.127161593686205
"Line_283",-0.0599079388352816
"Line_284",-0.105140162763201
"Line_285",-1.14887739473626
"Line_286",-0.263876438704702
"Line_287",1.11577968782272
"Line_288",-1.70234911568359
"Line_289",-1.76676064954134
"Line_290",-0.140526193185747
"Line_291",-1.45247243319233
"Line_292",0.204334901921886
"Line_293",-2.04514161430622
"Line_294",0.934068960368675
"Line_295",-0.358307053836902
"Line_296",0.788835570144222
"Line_297",-0.519046773618208
"Line_298",0.208789714037222
"Line_299",-0.26662913796427
"Line_300",-1.67898374829987
"Line_301",-0.016524421214821
"Line_302",0.81275473501212
"Line_303",-0.549196160183055
"Line_304",0.745851112475593
"Line_305",-1.43664034040949
"Line_306",-0.0986411864048143
"Line_307",0.107982283756379
"Line_308",1.30970653625117
"Line_309",-0.467209700283455
"Line_310",-1.06314465773784
"Line_311",0.0447272093508763
"Line_312",-1.8422725653245
"Line_313",-1.46247336423005
"Line_314",-1.38193655068608
"Line_315",0.985775728413032
"Line_316",-0.397260191583976
"Line_317",-0.217951967921566
"Line_318",-1.47401352651054
"Line_319",0.84616989791746
"Line_320",-0.162702524794628
"Line_321",-0.428965097552897
"Line_322",-2.15730189301262
"Line_323",-2.00590343373641
"Line_324",0.891019350054848
"Line_325",-2.1265824208023
"Line_326",-0.456435081584024
"Line_327",0.80610916520204
"Line_328",0.411675051180245
"Line_329",1.70775662208139
"Line_330",0.107485494836752
"Line_331",0.477267476732186
"Line_332",-0.665941556295178
"Line_333",0.718584730460706
"Line_334",0.149215764085342
"Line_335",0.852628153872598
"Line_336",-0.854232700914106
"Line_337",1.75413716138091
"Line_338",0.529128982308885
"Line_339",-0.731957474040898
"Line_340",-0.879609656218283
"Line_341",0.647218151728196
"Line_342",-0.571950721518058
"Line_343",0.967549275919211
"Line_344",1.19555095778562
"Line_345",0.381183613228116
"Line_346",-1.50356025110732
"Line_347",0.0629292296027502
"Line_348",-0.430691642650614
"Line_349",-1.78674622345547
"Line_350",-1.06303878468939
"Line_351",2.33609687644057
"Line_352",-1.74084618491428
"Line_353",-0.769851881303522
"Line_354",-1.66940630945593
"Line_355",0.333019520266336
"Line_356",-0.218693079260679
"Line_357",0.0947807290233647
"Line_358",-1.89225278827114
"Line_359",0.869437536333388
"Line_360",-0.894342298113424
"Line_361",0.2621904508567
"Line_362",1.49285062189955
"Line_363",1.4005456118169
"Line_364",-0.466631470557333
"Line_365",-0.692996192213174
"Line_366",-0.449993113790185
"Line_367",0.406967772564773
"Line_368",-1.23332336699204
"Line_369",0.394873812800106
"Line_370",-0.128994174985903
"Line_371",1.31910480532082
"Line_372",-0.610822418458635
"Line_373",0.229736289468012
"Line_374",0.556664118985209
"Line_375",-1.80525771877203
"Line_376",-1.69475068843751
"Line_377",-0.57501289584231
"Line_378",1.56569127922964
"Line_379",-0.0828905344284735
"Line_380",0.354935241294429
"Line_381",-0.682832379562464
"Line_382",-0.881059302573914
"Line_383",0.0470156960134162
"Line_384",0.367517845898074
"Line_385",0.0113283346068357
"Line_386",0.323262911648107
"Line_387",0.00451173910311468
"Line_388",0.886857724842899
"Line_389",1.54804305646194
"Line_390",-1.40101813164811
"Line_391",0.578498399206806
"Line_392",-0.949941936708294
"Line_393",1.02641469085457
"Line_394",-0.85354045405889
"Line_395",0.950023214361255
"Line_396",-0.704397905122626
"Line_397",-0.0531727841380565
"Line_398",-0.0723113736646331
"Line_399",-0.766496520075884
"Line_400",1.71138073797047
"Line_401",0.561314389036135
"Line_402",-1.10036310630655
"Line_403",0.965651705127852
"Line_404",0.227317497515078
"Line_405",0.29973466265139
"Line_406",1.1421909413694
"Line_407",1.06256626485818
"Line_408",-1.70247942097398
"Line_409",0.782361026027785
"Line_410",2.52690454198022
"Line_411",1.30000693619749
"Line_412",0.325942314181827
"Line_413",0.0299619911331384
"Line_414",0.703550757581531
"Line_415",1.49504952367494
"Line_416",-0.848865751766015
"Line_417",1.08326037378884
"Line_418",0.331048652749132
"Line_419",1.04727168139822
"Line_420",1.11277452206301
"Line_421",-0.666690811714943
"Line_422",-1.10227696525921
"Line_423",-1.02510365702352
"Line_424",-0.934574056522484
"Line_425",0.665868096415797
"Line_426",0.859933394215296
"Line_427",-1.78563862848713
"Line_428",-0.670200910474924
"Line_429",0.939248595661824
"Line_430",0.361499370298013
"Line_431",-1.65755667211075
"Line_432",0.759125963934455
"Line_433",-0.267622715803522
"Line_434",-0.430341447182682
"Line_435",0.418499790764617
"Line_436",0.105180720012913
"Line_437",3.27892080508434
"Line_438",0.686040984184875
"Line_439",-1.10752175319755
"Line_440",0.398147733221247
"Line_441",-1.50911451411035
"Line_442",0.918261299827786
"Line_443",0.790757573177529
"Line_444",1.33162225727927
"Line_445",-0.157009812420551
"Line_446",-1.04267858306538
"Line_447",0.0694933586063328
"Line_448",0.202347746243382
"Line_449",1.08853773804978
"Line_450",-0.0613168647876624
"Line_451",-1.82117939644201
"Line_452",-1.09107885436599
"Line_453",1.34527988052866
"Line_454",0.516912861334475
"Line_455",-1.70271559931282
"Line_456",-0.381265217188148
"Line_457",-0.948679604207606
"Line_458",0.0830206765653325
"Line_459",-0.572480086760283
"Line_460",-0.561477433802664
"Line_461",-1.12012879004314
"Line_462",0.240014119247817
"Line_463",0.980278473974546
"Line_464",0.181808374845072
"Line_465",0.822315885694759
"Line_466",0.907828732515639
"Line_467",0.211509836974191
"Line_468",0.929996920043869
"Line_469",0.222887117641691
"Line_470",0.409679751421092
"Line_471",0.712093898182969
"Line_472",0.257466884079927
"Line_473",-1.25577659734301
"Line_474",-0.722681366180996
"Line_475",1.96339116959193
"Line_476",-1.42619148493605
"Line_477",2.33971284824899
"Line_478",-1.63645535914761
"Line_479",-0.551834842313526
"Line_480",1.49951247987093
"Line_481",-1.56944586356264
"Line_482",-0.170976910734629
"Line_483",-0.16824864371701
"Line_484",-2.00663640099488
"Line_485",0.296908666665976
"Line_486",1.42136188195729
"Line_487",-0.135403566457144
"Line_488",-0.135460575021689
"Line_489",-0.760966689314801
"Line_490",-1.10190233754932
"Line_491",-0.0624000275140612
"Line_492",-0.623869235659307
"Line_493",0.183298741603949
"Line_494",-1.20997428776961
"Line_495",2.59396290204909
"Line_496",-1.01373452043667
"Line_497",-0.958965578068058
"Line_498",-0.973934398302038
"Line_499",0.0253850178080586
"Line_500",0.549358878642511
